State,Week,Weekly_Diagnoses,Weekly_Inpatient_Hospitalizations,Weekly_ED_Visits,Weekly_Outpatient,Weekly_Tests,Weekly_Positive_Tests,Weekly_Vaccine_Count,Cumulative_Vaccines,Weekly_Encounters
SC,2016-10-08,13,1,7,5,321,9,15812,15812,13
SC,2016-10-15,4,1,0,3,324,2,18125,33937,4
SC,2016-10-22,5,0,3,2,375,1,16343,50280,5
SC,2016-10-29,12,0,6,6,415,2,13722,64002,12
SC,2016-11-05,14,1,7,6,472,9,13152,77154,14
SC,2016-11-12,18,0,13,5,516,10,10412,87566,19
SC,2016-11-19,17,2,10,10,575,15,8907,96473,22
SC,2016-11-26,19,3,12,4,557,14,4810,101283,19
SC,2016-12-03,38,0,27,11,729,21,6468,107751,38
SC,2016-12-10,58,3,33,22,787,46,5171,112922,59
SC,2016-12-17,110,3,52,60,1086,96,4244,117166,115
SC,2016-12-24,226,12,129,93,1340,193,3316,120482,232
SC,2016-12-31,276,15,207,66,1638,226,2380,122862,292
SC,2017-01-07,260,17,129,118,1508,210,3441,126303,264
SC,2017-01-14,433,13,212,227,1915,392,2963,129266,451
SC,2017-01-21,527,17,268,249,2174,440,2570,131836,542
SC,2017-01-28,523,19,214,319,2379,453,2420,134256,546
SC,2017-02-04,957,25,418,563,3572,841,2138,136394,1005
SC,2017-02-11,1269,37,596,663,4526,1051,1954,138348,1316
SC,2017-02-18,1325,34,583,754,4739,1101,1834,140182,1369
SC,2017-02-25,1366,40,635,721,4739,1164,1454,141636,1409
SC,2017-03-04,888,13,404,484,3438,747,1256,142892,916
SC,2017-03-11,779,27,347,433,3088,665,991,143883,807
SC,2017-03-18,840,23,388,460,3299,716,834,144717,877
SC,2017-03-25,1150,31,485,672,3959,1002,645,145362,1199
SC,2017-04-01,990,27,448,535,3498,849,587,145949,1034
SC,2017-04-08,402,9,184,217,1889,330,282,146231,417
SC,2017-04-15,194,8,99,92,1161,162,182,146413,211
SC,2017-04-22,115,8,60,50,855,91,114,146527,122
SC,2017-04-29,53,1,31,22,607,33,89,146616,53
SC,2017-05-06,35,1,16,18,394,21,60,146676,35
SC,2017-05-13,20,2,10,9,354,18,65,146741,22
SC,2017-05-20,15,2,8,5,251,7,42,146783,16
SC,2017-05-27,12,1,7,5,209,8,50,146833,13
SC,2017-06-03,4,1,3,2,159,3,38,146871,5
SC,2017-06-10,9,2,5,2,138,5,27,146898,9
SC,2017-06-17,5,1,1,2,118,2,28,146926,5
SC,2017-06-24,4,1,1,2,72,3,24,146950,4
SC,2017-07-01,4,0,4,1,91,3,40,146990,5
SC,2017-07-08,3,2,1,0,69,2,9,146999,3
SC,2017-07-15,3,0,3,0,90,2,14,147013,3
SC,2017-07-22,4,0,0,4,71,2,25,147038,4
SC,2017-07-29,0,0,0,0,64,0,21,147059,0
SC,2017-08-05,4,1,2,2,63,2,415,147474,5
SC,2017-08-12,3,0,2,1,71,3,724,148198,3
SC,2017-08-19,3,1,1,1,53,1,1367,149565,3
SC,2017-08-26,2,0,1,1,65,1,1454,151019,2
SC,2017-09-02,9,0,7,2,126,3,4493,155512,9
SC,2017-09-09,8,1,6,2,210,4,4452,159964,8
SC,2017-09-16,17,1,11,5,312,14,7973,167937,18
SC,2017-09-23,11,1,5,5,349,6,12485,180422,11
SC,2017-09-30,11,1,8,4,399,5,17943,198365,13
SC,2017-10-07,15,2,9,4,454,9,30465,228830,15
SC,2017-10-14,24,5,14,6,515,16,27476,256306,26
SC,2017-10-21,18,2,8,7,553,9,26491,282797,18
SC,2017-10-28,24,2,12,11,611,9,20093,302890,25
SC,2017-11-04,45,3,23,20,693,25,18009,320899,45
SC,2017-11-11,37,2,25,10,750,20,13554,334453,38
SC,2017-11-18,38,2,23,15,921,20,11896,346349,40
SC,2017-11-25,36,5,20,11,834,22,5922,352271,37
SC,2017-12-02,94,4,51,45,1192,65,7874,360145,98
SC,2017-12-09,112,5,57,53,1289,93,5944,366089,116
SC,2017-12-16,179,4,90,97,1560,142,5139,371228,188
SC,2017-12-23,490,19,268,214,2624,427,3891,375119,508
SC,2017-12-30,474,27,283,185,2480,415,2076,377195,490
SC,2018-01-06,746,47,396,327,3385,631,2891,380086,774
SC,2018-01-13,1609,68,772,814,5598,1321,3453,383539,1666
SC,2018-01-20,1636,72,890,736,5338,1348,3084,386623,1714
SC,2018-01-27,2318,73,1123,1202,7530,1839,3795,390418,2405
SC,2018-02-03,2885,87,1438,1434,8882,2184,4236,394654,2988
SC,2018-02-10,2967,76,1458,1503,9049,2270,2763,397417,3065
SC,2018-02-17,2365,74,1133,1205,7573,1855,2077,399494,2462
SC,2018-02-24,1121,31,527,586,4307,871,1305,400799,1172
SC,2018-03-03,503,18,253,244,2413,344,975,401774,525
SC,2018-03-10,331,14,172,153,1836,242,694,402468,347
SC,2018-03-17,336,15,165,162,1784,241,567,403035,347
SC,2018-03-24,246,9,121,124,1360,193,427,403462,260
SC,2018-03-31,182,11,83,89,1163,138,336,403798,189
SC,2018-04-07,118,6,58,58,815,92,137,403935,123
SC,2018-04-14,72,4,34,38,706,49,106,404041,77
SC,2018-04-21,57,2,29,26,463,34,78,404119,58
SC,2018-04-28,31,1,16,15,402,18,78,404197,33
SC,2018-05-05,32,1,17,16,352,21,65,404262,33
SC,2018-05-12,24,1,15,8,283,15,39,404301,24
SC,2018-05-19,21,0,11,10,214,8,46,404347,22
SC,2018-05-26,12,0,5,7,195,6,51,404398,12
SC,2018-06-02,9,0,4,5,150,2,43,404441,9
SC,2018-06-09,2,3,0,0,113,1,38,404479,3
SC,2018-06-16,1,0,0,1,94,0,50,404529,1
SC,2018-06-23,3,1,2,0,79,0,33,404562,3
SC,2018-06-30,2,0,2,0,90,1,30,404592,2
SC,2018-07-07,2,1,1,0,79,0,28,404620,2
SC,2018-07-14,3,1,0,2,52,1,22,404642,3
SC,2018-07-21,2,0,1,2,69,1,28,404670,2
SC,2018-07-28,2,0,0,1,78,2,24,404694,2
SC,2018-08-04,0,0,0,0,73,1,333,405027,1
SC,2018-08-11,0,0,0,0,82,0,361,405388,0
SC,2018-08-18,2,1,0,1,85,0,847,406235,2
SC,2018-08-25,1,1,0,0,109,0,1453,407688,1
SC,2018-09-01,4,1,2,2,166,2,4066,411754,5
SC,2018-09-08,8,0,3,7,238,2,6378,418132,9
SC,2018-09-15,10,2,4,4,385,8,11512,429644,11
SC,2018-09-22,9,1,4,6,406,4,14660,444304,10
SC,2018-09-29,11,2,5,5,463,9,18804,463108,13
SC,2018-10-06,18,1,10,7,532,3,33134,496242,19
SC,2018-10-13,21,1,10,10,614,12,31424,527666,22
SC,2018-10-20,15,2,2,12,705,8,33292,560958,16
SC,2018-10-27,22,0,14,10,824,11,26646,587604,25
SC,2018-11-03,24,1,12,11,876,8,22630,610234,24
SC,2018-11-10,32,2,13,21,969,19,17741,627975,35
SC,2018-11-17,37,3,15,20,1152,20,14350,642325,38
SC,2018-11-24,29,4,16,10,988,11,7193,649518,30
SC,2018-12-01,69,4,40,28,1276,32,8996,658514,73
SC,2018-12-08,68,5,33,32,1303,46,6863,665377,69
SC,2018-12-15,102,8,58,42,1307,76,5273,670650,109
SC,2018-12-22,226,10,105,122,1737,190,4520,675170,233
SC,2018-12-29,522,17,299,220,2460,433,2104,677274,542
SC,2019-01-05,454,24,253,187,2505,380,3107,680381,470
SC,2019-01-12,400,19,168,234,2360,318,3839,684220,420
SC,2019-01-19,896,25,347,559,3740,787,3363,687583,934
SC,2019-01-26,1310,44,594,714,4865,1065,2535,690118,1353
SC,2019-02-02,2131,59,925,1228,7168,1733,2535,692653,2211
SC,2019-02-09,2621,69,1071,1525,8428,2145,2046,694699,2718
SC,2019-02-16,1524,54,651,855,5753,1179,1850,696549,1572
SC,2019-02-23,1227,37,482,739,4821,998,1494,698043,1267
SC,2019-03-02,794,36,319,449,3480,627,1213,699256,821
SC,2019-03-09,491,13,253,241,2651,358,1041,700297,514
SC,2019-03-16,309,6,137,177,2174,239,878,701175,322
SC,2019-03-23,253,10,115,137,1742,185,680,701855,259
SC,2019-03-30,217,14,107,98,1639,173,548,702403,225
SC,2019-04-06,211,16,101,100,1360,166,247,702650,220
SC,2019-04-13,138,5,70,71,1107,113,164,702814,148
SC,2019-04-20,72,13,35,28,695,52,125,702939,76
SC,2019-04-27,64,2,24,38,684,44,71,703010,65
SC,2019-05-04,49,2,17,30,565,38,111,703121,51
SC,2019-05-11,23,0,15,9,440,11,80,703201,24
SC,2019-05-18,21,1,11,10,391,11,50,703251,22
SC,2019-05-25,16,4,10,4,347,10,72,703323,17
SC,2019-06-01,10,0,4,6,222,5,41,703364,11
SC,2019-06-08,7,2,3,3,202,5,31,703395,8
SC,2019-06-15,7,1,3,3,171,2,31,703426,7
SC,2019-06-22,6,1,2,3,140,4,24,703450,7
SC,2019-06-29,9,1,6,3,121,4,31,703481,11
SC,2019-07-06,14,0,9,5,140,7,30,703511,14
SC,2019-07-13,3,1,2,2,123,5,17,703528,5
SC,2019-07-20,7,1,4,2,107,3,12,703540,8
SC,2019-07-27,5,1,4,1,93,5,12,703552,6
SC,2019-08-03,6,1,4,1,115,3,262,703814,6
SC,2019-08-10,4,0,4,0,116,4,356,704170,4
SC,2019-08-17,6,2,3,1,118,2,886,705056,6
SC,2019-08-24,10,2,5,3,134,5,1669,706725,10
SC,2019-08-31,12,0,9,5,272,7,2758,709483,13
SC,2019-09-07,16,6,8,2,424,6,5949,715432,16
SC,2019-09-14,22,1,12,8,536,12,10025,725457,24
SC,2019-09-21,24,3,12,14,548,16,18240,743697,28
SC,2019-09-28,37,2,22,15,710,17,24417,768114,40
SC,2019-10-05,21,1,13,8,709,10,35630,803744,22
SC,2019-10-12,25,2,11,12,786,10,36616,840360,25
SC,2019-10-19,50,2,34,16,788,19,34128,874488,51
SC,2019-10-26,35,2,18,15,893,16,28628,903116,36
SC,2019-11-02,42,5,26,11,910,16,23516,926632,43
SC,2019-11-09,71,5,40,32,995,38,18000,944632,76
SC,2019-11-16,77,4,37,40,1205,47,14450,959082,82
SC,2019-11-23,133,3,68,69,1490,96,11071,970153,138
SC,2019-11-30,147,4,78,68,1332,116,6225,976378,153
SC,2019-12-07,289,9,151,150,2015,228,8181,984559,303
SC,2019-12-14,778,22,373,404,3258,596,6956,991515,799
SC,2019-12-21,1431,31,661,780,5243,1192,6120,997635,1474
SC,2019-12-28,1510,49,849,647,4903,1200,2398,1000033,1555
SC,2020-01-04,1030,46,590,396,3989,762,3190,1003223,1061
SC,2020-01-11,920,32,462,451,3615,689,4093,1007316,950
SC,2020-01-18,1075,36,468,588,3784,837,3516,1010832,1103
SC,2020-01-25,902,26,440,480,3670,708,2715,1013547,946
SC,2020-02-01,1538,29,708,850,5480,1238,2816,1016363,1592
SC,2020-02-08,1947,51,896,1036,6400,1563,2513,1018876,2021
SC,2020-02-15,1429,63,668,719,5004,1133,2102,1020978,1488
SC,2020-02-22,1039,35,480,557,3970,797,1761,1022739,1083
SC,2020-02-29,849,40,415,423,3647,631,1688,1024427,874
SC,2020-03-07,990,54,465,476,4147,746,1826,1026253,1017
SC,2020-03-14,898,34,422,461,4259,682,1675,1027928,943
SC,2020-03-21,318,13,179,125,2195,192,1004,1028932,327
SC,2020-03-28,82,9,60,13,848,30,479,1029411,83
SC,2020-04-04,20,2,13,6,454,1,283,1029694,20
SC,2020-04-11,8,0,7,1,243,2,119,1029813,9
SC,2020-04-18,1,0,1,0,199,1,85,1029898,2
SC,2020-04-25,7,3,4,0,143,1,83,1029981,7
SC,2020-05-02,2,0,2,0,121,1,66,1030047,2
SC,2020-05-09,2,1,0,1,111,1,43,1030090,2
SC,2020-05-16,2,0,1,1,83,0,51,1030141,2
SC,2020-05-23,1,0,1,0,69,0,43,1030184,1
SC,2020-05-30,1,0,1,0,86,0,23,1030207,1
SC,2020-06-06,2,0,2,0,78,0,39,1030246,2
SC,2020-06-13,6,0,6,0,76,1,28,1030274,6
SC,2020-06-20,1,0,1,1,99,1,31,1030305,2
SC,2020-06-27,5,1,4,0,96,1,19,1030324,5
SC,2020-07-04,8,0,8,0,97,1,38,1030362,8
SC,2020-07-11,5,1,4,0,90,0,17,1030379,5
SC,2020-07-18,5,2,2,1,79,0,35,1030414,5
SC,2020-07-25,1,0,1,0,64,0,19,1030433,1
SC,2020-08-01,5,1,4,0,72,1,340,1030773,6
SC,2020-08-08,3,1,1,1,88,0,323,1031096,3
SC,2020-08-15,6,0,4,2,52,0,1249,1032345,6
SC,2020-08-22,2,0,1,1,45,0,2858,1035203,2
SC,2020-08-29,3,1,1,1,79,0,5330,1040533,3
SC,2020-09-05,3,0,3,0,76,0,15732,1056265,3
SC,2020-09-12,3,1,0,3,100,2,18312,1074577,5
SC,2020-09-19,3,0,2,1,111,0,26305,1100882,3
SC,2020-09-26,1,0,1,0,136,1,29777,1130659,1
SC,2020-10-03,5,0,3,2,166,3,34944,1165603,7
SC,2020-10-10,11,1,7,3,242,1,32520,1198123,11
SC,2020-10-17,7,0,3,4,276,2,29880,1228003,7
SC,2020-10-24,9,2,5,2,247,2,24717,1252720,9
SC,2020-10-31,6,2,2,2,415,3,19920,1272640,8
SC,2020-11-07,7,0,6,1,521,0,17388,1290028,7
SC,2020-11-14,8,1,6,2,538,3,11814,1301842,10
SC,2020-11-21,4,2,2,1,624,0,10579,1312421,4
SC,2020-11-28,6,2,2,1,528,4,5402,1317823,6
SC,2020-12-05,9,1,6,2,737,1,6855,1324678,9
SC,2020-12-12,11,1,7,3,770,5,5231,1329909,11
SC,2020-12-19,4,0,3,2,785,2,4245,1334154,5
SC,2020-12-26,13,0,12,1,664,0,1988,1336142,13
SC,2021-01-02,17,2,14,1,850,1,2014,1338156,17
SC,2021-01-09,14,0,14,0,899,2,2607,1340763,14
SC,2021-01-16,10,1,8,1,784,0,2368,1343131,10
SC,2021-01-23,13,1,9,3,674,1,1842,1344973,13
SC,2021-01-30,10,0,8,3,720,3,1843,1346816,12
SC,2021-02-06,12,0,12,0,734,1,1590,1348406,12
SC,2021-02-13,6,0,5,1,546,1,1364,1349770,6
SC,2021-02-20,4,0,1,3,362,1,1250,1351020,4
SC,2021-02-27,7,0,2,5,386,7,1020,1352040,9
SC,2021-03-06,7,3,3,3,650,3,765,1352805,9
SC,2021-03-13,5,0,3,2,685,2,558,1353363,5
SC,2021-03-20,2,1,1,0,604,0,412,1353775,2
SC,2021-03-27,5,1,3,1,668,1,421,1354196,5
SC,2021-04-03,5,2,2,1,581,2,199,1354395,5
SC,2021-04-10,2,2,1,1,588,3,148,1354543,4
SC,2021-04-17,4,0,1,3,579,2,82,1354625,4
SC,2021-04-24,10,3,2,5,616,4,90,1354715,10
SC,2021-05-01,3,1,2,0,610,0,69,1354784,3
SC,2021-05-08,6,3,0,4,655,4,59,1354843,7
SC,2021-05-15,3,2,1,0,585,0,49,1354892,3
SC,2021-05-22,8,0,1,7,555,6,55,1354947,8
SC,2021-05-29,9,1,3,5,402,4,41,1354988,9
SC,2021-06-05,6,1,4,2,231,2,40,1355028,7
SC,2021-06-12,6,0,4,2,262,0,22,1355050,6
SC,2021-06-19,3,2,0,1,249,3,29,1355079,3
SC,2021-06-26,3,2,1,0,234,0,44,1355123,3
SC,2021-07-03,6,2,2,2,243,1,52,1355175,6
SC,2021-07-10,3,3,0,1,205,1,21,1355196,4
SC,2021-07-17,7,2,3,3,214,4,20,1355216,8
SC,2021-07-24,4,1,1,2,264,2,23,1355239,4
SC,2021-07-31,3,0,2,2,352,2,34,1355273,4
SC,2021-08-07,15,1,4,11,397,12,186,1355459,17
SC,2021-08-14,5,1,3,1,364,3,419,1355878,6
SC,2021-08-21,0,0,1,0,453,1,947,1356825,1
SC,2021-08-28,2,0,2,1,485,2,1335,1358160,3
SC,2021-09-04,5,1,4,1,546,2,4709,1362869,6
SC,2021-09-11,7,0,1,6,600,2,8115,1370984,7
SC,2021-09-18,2,0,1,1,592,1,14324,1385308,3
SC,2021-09-25,3,0,2,2,598,2,19363,1404671,4
SC,2021-10-02,9,0,4,4,627,3,28471,1433142,10
SC,2021-10-09,5,1,3,3,639,5,27354,1460496,7
SC,2021-10-16,7,1,4,4,702,6,27738,1488234,11
SC,2021-10-23,3,1,1,3,707,5,23373,1511607,7
SC,2021-10-30,6,1,0,5,722,3,21203,1532810,6
SC,2021-11-06,9,1,4,5,904,6,18200,1551010,12
SC,2021-11-13,32,2,22,9,1338,24,13805,1564815,35
SC,2021-11-20,52,1,38,22,1910,56,12380,1577195,69
SC,2021-11-27,95,5,70,34,2266,116,6820,1584015,123
SC,2021-12-04,176,15,104,90,3479,196,9286,1593301,235
SC,2021-12-11,238,11,145,137,3986,278,7643,1600944,323
SC,2021-12-18,343,13,192,186,4314,361,6353,1607297,425
SC,2021-12-25,307,17,195,143,4243,331,3935,1611232,376
SC,2022-01-01,182,16,140,84,6031,227,3387,1614619,281
SC,2022-01-08,120,12,75,53,5770,101,3887,1618506,155
SC,2022-01-15,85,4,47,50,5024,77,3187,1621693,119
SC,2022-01-22,38,7,27,18,2995,47,1794,1623487,62
SC,2022-01-29,47,2,23,24,2899,35,2409,1625896,56
SC,2022-02-05,50,0,27,28,2663,52,2188,1628084,59
SC,2022-02-12,88,5,46,56,2603,99,1830,1629914,114
SC,2022-02-19,141,4,72,90,2542,158,1542,1631456,181
SC,2022-02-26,177,8,104,100,2496,211,1328,1632784,240
SC,2022-03-05,143,6,63,103,2235,168,1002,1633786,184
SC,2022-03-12,164,9,74,99,2231,160,838,1634624,186
SC,2022-03-19,185,9,91,110,2229,198,671,1635295,223
SC,2022-03-26,160,12,83,87,2029,157,540,1635835,190
SC,2022-04-02,159,12,99,83,2169,173,424,1636259,198
SC,2022-04-09,270,13,144,156,2489,296,139,1636398,332
SC,2022-04-16,361,17,207,173,2728,380,99,1636497,421
SC,2022-04-23,273,21,178,106,2679,278,84,1636581,316
SC,2022-04-30,254,21,144,115,2740,265,82,1636663,302
SC,2022-05-07,282,17,149,150,2885,286,67,1636730,333
SC,2022-05-14,185,14,117,85,2764,190,80,1636810,226
SC,2022-05-21,173,9,117,81,2979,179,77,1636887,217
SC,2022-05-28,124,6,76,59,2622,128,47,1636934,147
SC,2022-06-04,96,7,76,29,2603,85,41,1636975,117
SC,2022-06-11,59,8,35,30,2480,66,38,1637013,76
SC,2022-06-18,42,0,36,11,2299,46,38,1637051,51
SC,2022-06-25,24,1,16,11,2221,23,28,1637079,28
SC,2022-07-02,26,0,23,7,2278,21,43,1637122,31
SC,2022-07-09,22,2,15,8,2396,20,13,1637135,29
SC,2022-07-16,30,3,20,9,2650,17,22,1637157,34
SC,2022-07-23,8,0,6,6,2642,8,20,1637177,11
SC,2022-07-30,16,1,10,4,2708,10,38,1637215,18
SC,2022-08-06,13,1,6,8,2483,9,268,1637483,15
SC,2022-08-13,31,1,18,15,2580,22,246,1637729,35
SC,2022-08-20,22,2,10,14,2650,25,570,1638299,28
SC,2022-08-27,37,1,14,26,3115,37,854,1639153,44
SC,2022-09-03,46,5,17,29,3440,48,3192,1642345,54
SC,2022-09-10,40,2,27,17,3013,45,7261,1649606,49
SC,2022-09-17,69,6,33,39,3313,75,14010,1663616,87
SC,2022-09-24,113,7,54,80,3427,138,17358,1680974,152
SC,2022-10-01,143,10,80,78,3260,146,21592,1702566,173
SC,2022-10-08,326,18,165,194,4171,353,25332,1727898,392
SC,2022-10-15,611,20,322,365,5028,665,27812,1755710,736
SC,2022-10-22,1092,42,649,582,6606,1196,26858,1782568,1321
SC,2022-10-29,2655,123,1448,1429,11523,2835,25810,1808378,3154
SC,2022-11-05,3137,127,1690,1664,13107,3231,22592,1830970,3667
SC,2022-11-12,1979,112,1088,985,9564,2016,15245,1846215,2345
SC,2022-11-19,1401,90,701,742,7761,1360,11082,1857297,1621
SC,2022-11-26,1260,92,764,520,6527,1249,5700,1862997,1443
SC,2022-12-03,1227,81,648,620,7713,1232,7403,1870400,1452
SC,2022-12-10,954,62,489,482,7194,931,6076,1876476,1092
SC,2022-12-17,644,57,313,344,6628,638,5270,1881746,767
SC,2022-12-24,509,44,278,231,5830,500,3414,1885160,602
SC,2022-12-31,424,66,254,148,5555,419,2032,1887192,497
SC,2023-01-07,348,30,224,129,5231,342,2211,1889403,410
SC,2023-01-14,228,22,112,117,4602,219,2467,1891870,266
SC,2023-01-21,167,18,88,96,4128,167,1849,1893719,205
SC,2023-01-28,167,17,77,90,4248,160,1869,1895588,195
SC,2023-02-04,179,13,78,119,4323,171,1611,1897199,220
SC,2023-02-11,157,6,66,122,4198,176,1362,1898561,206
SC,2023-02-18,147,14,57,99,3856,153,1114,1899675,188
SC,2023-02-25,117,6,47,88,3734,130,987,1900662,156
SC,2023-03-04,76,12,25,56,3145,84,847,1901509,97
SC,2023-03-11,54,6,17,39,2775,38,646,1902155,62
SC,2023-03-18,59,3,21,45,2749,62,583,1902738,73
SC,2023-03-25,71,4,20,59,2768,69,424,1903162,84
SC,2023-04-01,70,5,24,52,2629,74,357,1903519,85
SC,2023-04-08,51,5,13,40,2374,51,61,1903580,63
SC,2023-04-15,28,1,6,26,2076,27,64,1903644,35
SC,2023-04-22,37,1,13,27,2110,38,49,1903693,45
SC,2023-04-29,32,5,12,19,2117,29,39,1903732,38
SC,2023-05-06,37,5,16,22,2151,36,23,1903755,45
SC,2023-05-13,50,11,18,28,2058,54,22,1903777,57
SC,2023-05-20,51,6,23,32,1910,53,20,1903797,62
SC,2023-05-27,46,6,30,16,1887,50,16,1903813,57
SC,2023-06-03,38,3,28,14,1758,41,24,1903837,46
SC,2023-06-10,33,7,13,17,1660,26,21,1903858,36
SC,2023-06-17,23,3,14,9,1467,17,13,1903871,27
SC,2023-06-24,28,3,8,20,1438,23,10,1903881,32
SC,2023-07-01,23,4,9,12,1453,27,26,1903907,28
SC,2023-07-08,23,1,10,14,1200,15,10,1903917,26
SC,2023-07-15,16,2,8,12,1374,18,15,1903932,23
SC,2023-07-22,13,2,6,13,1424,18,12,1903944,22
SC,2023-07-29,25,0,11,20,1567,32,24,1903968,35
SC,2023-08-05,29,2,9,22,1684,27,218,1904186,33
SC,2023-08-12,28,1,13,24,1993,33,543,1904729,39
SC,2023-08-19,43,6,14,26,2549,34,865,1905594,48
SC,2023-08-26,40,2,17,33,3368,44,1236,1906830,54
SC,2023-09-02,59,8,21,45,3359,66,3272,1910102,81
SC,2023-09-09,40,4,18,31,3036,46,8688,1918790,55
SC,2023-09-16,46,1,28,29,3039,40,14675,1933465,58
SC,2023-09-23,65,7,42,30,3012,64,16833,1950298,82
SC,2023-09-30,68,5,43,35,3008,60,20721,1971019,83
SC,2023-10-07,99,6,60,51,3357,102,25966,1996985,123
SC,2023-10-14,82,3,41,57,3296,89,22393,2019378,103
SC,2023-10-21,113,4,61,77,3483,116,19883,2039261,146
SC,2023-10-28,136,3,60,99,3767,141,17999,2057260,166
SC,2023-11-04,196,10,94,131,4195,222,15967,2073227,249
SC,2023-11-11,412,21,243,240,5167,453,11781,2085008,514
SC,2023-11-18,546,22,288,339,5827,614,9105,2094113,671
SC,2023-11-25,597,41,354,332,5108,686,4940,2099053,750
SC,2023-12-02,1000,65,546,590,7359,1076,7242,2106295,1230
SC,2023-12-09,1701,85,816,1093,9254,1825,5875,2112170,2035
SC,2023-12-16,2939,177,1247,1971,12732,3134,5334,2117504,3503
SC,2023-12-23,3805,262,1740,2343,14896,4025,4120,2121624,4524
SC,2023-12-30,2818,301,1485,1346,11980,2914,2552,2124176,3310
SC,2024-01-06,1438,143,763,728,8631,1447,2960,2127136,1710
SC,2024-01-13,1084,93,385,735,7178,1067,2890,2130026,1268
SC,2024-01-20,759,66,315,499,6086,792,2244,2132270,907
SC,2024-01-27,890,66,379,567,7287,928,2117,2134387,1049
SC,2024-02-03,691,52,259,458,6794,711,1810,2136197,805
SC,2024-02-10,623,49,235,422,6920,622,1460,2137657,718
SC,2024-02-17,579,46,196,405,6500,596,1215,2138872,673
SC,2024-02-24,421,31,143,295,5768,420,1011,2139883,489
SC,2024-03-02,475,38,179,310,5616,444,895,2140778,538
SC,2024-03-09,318,28,116,228,4854,326,733,2141511,389
SC,2024-03-16,260,17,89,176,4334,260,589,2142100,300
SC,2024-03-23,159,18,60,106,3804,162,437,2142537,195
SC,2024-03-30,182,15,59,132,3686,179,389,2142926,207
SC,2024-04-06,146,18,48,93,3148,142,86,2143012,167
SC,2024-04-13,100,9,27,72,2997,92,41,2143053,113
SC,2024-04-20,73,7,28,44,2700,76,37,2143090,81
SC,2024-04-27,52,3,7,49,2553,47,32,2143122,61
SC,2024-05-04,44,6,11,29,2446,34,19,2143141,47
SC,2024-05-11,18,4,7,10,2222,17,27,2143168,22
SC,2024-05-18,37,4,12,24,2289,29,25,2143193,39
SC,2024-05-25,19,3,3,13,2125,18,25,2143218,22
SC,2024-06-01,18,2,8,9,1954,14,26,2143244,19
SC,2024-06-08,28,4,10,18,1881,27,26,2143270,34
SC,2024-06-15,17,3,4,13,1918,19,28,2143298,21
SC,2024-06-22,20,2,8,15,1823,22,11,2143309,25
SC,2024-06-29,33,3,4,26,1826,25,34,2143343,35
SC,2024-07-06,12,2,4,11,1842,17,31,2143374,19
SC,2024-07-13,16,1,4,18,2183,15,7,2143381,22
SC,2024-07-20,14,1,2,14,2296,13,9,2143390,19
SC,2024-07-27,18,0,7,15,2583,19,61,2143451,22
SC,2024-08-03,24,2,5,22,2778,27,248,2143699,32
SC,2024-08-10,33,3,6,32,3243,30,438,2144137,41
SC,2024-08-17,26,3,8,27,3908,34,820,2144957,37
SC,2024-08-24,32,1,6,32,4569,27,1110,2146067,39
SC,2024-08-31,29,0,9,25,4638,24,2531,2148598,35
SC,2024-09-07,16,2,4,18,3975,22,8923,2157521,26
SC,2024-09-14,29,1,2,30,3701,19,13825,2171346,33
SC,2024-09-21,28,0,6,30,3861,28,14376,2185722,36
SC,2024-09-28,23,0,9,20,3345,25,12137,2197859,28
SC,2024-10-05,24,1,4,23,2840,21,13049,2210908,29
SC,2024-10-12,16,1,3,16,3141,15,16929,2227837,20
SC,2024-10-19,19,0,4,19,3254,21,17898,2245735,24
SC,2024-10-26,34,1,7,29,3601,30,15705,2261440,37
SC,2024-11-02,29,1,6,25,3746,23,13735,2275175,32
SC,2024-11-09,43,3,7,39,3888,39,10891,2286066,48
SC,2024-11-16,35,4,10,29,4220,36,8649,2294715,48
SC,2024-11-23,48,2,11,45,4339,47,7585,2302300,59
SC,2024-11-30,52,3,23,40,3875,62,4072,2306372,68
SC,2024-12-07,105,10,36,84,4967,100,5175,2311547,125
SC,2024-12-14,225,13,93,149,5383,234,4408,2315955,264
SC,2024-12-21,434,33,181,286,6348,460,3776,2319731,509
SC,2024-12-28,653,55,340,363,6603,701,1577,2321308,781
SC,2025-01-04,834,84,421,445,7805,849,2055,2323363,962
SC,2025-01-11,969,112,403,557,7123,989,2652,2326015,1108
SC,2025-01-18,2172,160,916,1352,10428,2215,2672,2328687,2469
SC,2025-01-25,3443,222,1398,2202,13470,3531,1634,2330321,3956
SC,2025-02-01,5101,331,1712,3579,18923,5048,2522,2332843,5794
SC,2025-02-08,4838,318,1386,3440,17763,4558,2068,2334911,5374
SC,2025-02-15,2280,154,629,1628,10797,2112,1843,2336754,2516
SC,2025-02-22,1534,125,384,1123,8619,1360,1552,2338306,1683
SC,2025-03-01,1415,108,373,1045,8549,1355,1331,2339637,1568
SC,2025-03-08,1225,104,334,858,7698,1139,953,2340590,1348
SC,2025-03-15,946,68,238,712,6871,930,741,2341331,1062
SC,2025-03-22,556,45,146,404,5269,528,555,2341886,624
SC,2025-03-29,443,49,107,324,4736,412,479,2342365,486
SC,2025-04-05,329,26,81,252,4518,319,164,2342529,370
SC,2025-04-12,198,10,44,158,3797,179,32,2342561,218
SC,2025-04-19,153,13,33,117,3830,139,16,2342577,166
SC,2025-04-26,152,5,25,133,3755,145,6,2342583,164
SC,2025-05-03,102,5,22,86,3454,90,12,2342595,113
SC,2025-05-10,125,8,23,102,3445,122,4,2342599,136
SC,2025-05-17,93,5,17,78,3437,91,4,2342603,103
SC,2025-05-24,79,5,16,65,3131,71,4,2342607,87
SC,2025-05-31,61,7,10,54,2803,61,4,2342611,74
SC,2025-06-07,54,6,8,46,2664,47,7,2342618,61
SC,2025-06-14,32,4,8,27,2485,32,0,2342618,38
SC,2025-06-21,31,3,4,26,2295,25,1,2342619,36
SC,2025-06-28,36,4,4,29,2194,27,2,2342621,37
SC,2025-07-05,13,0,4,10,1992,8,1,2342622,14
SC,2025-07-12,23,2,1,22,2235,16,2,2342624,26
SC,2025-07-19,22,3,5,16,2149,20,3,2342627,25
SC,2025-07-26,9,2,0,8,2068,5,17,2342644,10
SC,2025-08-02,18,0,4,20,2304,19,52,2342696,24
SC,2025-08-09,23,0,7,20,2561,18,150,2342846,27
SC,2025-08-16,30,1,3,30,3557,32,250,2343096,35
SC,2025-08-23,30,4,2,29,4633,30,438,2343534,36
SC,2025-08-30,35,4,4,35,5434,26,971,2344505,43
SC,2025-09-06,34,3,7,30,5052,27,5581,2350086,43
SC,2025-09-13,44,7,4,40,4724,35,7985,2358071,54
SC,2025-09-20,33,2,7,31,4268,34,8769,2366840,41
SC,2025-09-27,39,10,5,33,4325,40,9649,2376489,50
SC,2025-10-04,30,2,5,29,4128,28,10532,2387021,38
SC,2025-10-11,36,4,7,29,4070,27,10630,2397651,40
SC,2025-10-18,29,1,4,28,3985,27,10650,2408301,32
SC,2025-10-25,50,4,6,49,4234,48,9537,2417838,63
SC,2025-11-01,43,3,13,40,4389,42,8670,2426508,57
SC,2025-11-08,90,4,15,79,5233,84,7236,2433744,102
SC,2025-11-15,119,3,25,98,5425,112,6540,2440284,134
SC,2025-11-22,247,9,64,196,5733,245,5535,2445819,278
SC,2025-11-29,243,10,61,195,4886,247,3022,2448841,275
SC,2025-12-06,401,22,92,328,6441,403,4243,2453084,447
SC,2025-12-13,907,33,220,745,7709,915,3639,2456723,1008
SC,2025-12-20,2641,121,650,2104,12563,2683,3433,2460156,2915
SC,2025-12-27,4212,248,1308,3037,16242,4337,1630,2461786,4716
SC,2026-01-03,2767,202,902,1855,12981,2688,2264,2464050,3038
SC,2026-01-10,1732,122,523,1202,10412,1605,3005,2467055,1902
SC,2026-01-17,981,64,270,717,7541,916,2522,2469577,1080
SC,2026-01-24,1282,59,314,1012,8372,1260,1719,2471296,1433
SC,2026-01-31,1045,74,294,756,6401,1029,1370,2472666,1149
SC,2026-02-07,963,64,255,732,6542,960,1292,2473958,1075
SC,2026-02-14,1202,46,284,963,7631,1205,1293,2475251,1334
